Thomas3021	Thomas Riddle	Individual	Thomas Riddle (1880–1943) was a very wealthy Muggle who owned most of the town of Little Hangleton.	muggle	MALE	http://harrypotter.wikia.com/Thomas Riddle	[Thomas Riddle,]	[]
Fleur492	Fleur Isabelle Weasley	Individual	Fleur Isabelle Weasley (née Delacour) (b. c. 1977) was a French, quarter-Veela witch daughter of Apolline Delacour and her husband, and elder sister of Gabrielle.	daughter	FEMALE	http://harrypotter.wikia.com/Fleur Isabelle Weasley	[ Fleur Weasley,Fleur Delacour,]	[]
Crabbe3382	Mr Crabbe	Individual	Mr Crabbe was a wizard, a Death Eater, and the father of Vincent Crabbe.	wizard	MALE	http://harrypotter.wikia.com/Mr Crabbe	[Mr Crabbe,Crabbe,]	[]
Argus45	Argus Filch	Individual	Argus Filch was a Squib and the caretaker of Hogwarts School of Witchcraft and Wizardry since around 1973.	squib	UNKNOWN	http://harrypotter.wikia.com/Argus Filch	[Argus Filch,]	[]
Fergus4738	Fergus	Individual	Fergus (fl.		MALE	http://harrypotter.wikia.com/Fergus	[Fergus,]	[]
Scorpius5038	Scorpius Hyperion Malfoy	Individual	Scorpius Hyperion Malfoy (b. 2006) was a pure-blood wizard and the son of Draco and Astoria Malfoy (née Greengrass).	wizard	MALE	http://harrypotter.wikia.com/Scorpius Hyperion Malfoy	[Scorpius Malfoy,]	[]
Victoire5063	Victoire Weasley	Individual	Victoire Weasley (b. 2 May, early 2000s) Great Britain was a part-veela witch and the eldest child of Bill and Fleur Weasley (née Delacour).	witch	FEMALE	http://harrypotter.wikia.com/Victoire Weasley	[Victoire Weasley,]	[]
Isobel111263	Isobel McGonagall	Individual	Isobel McGonagall (née Ross) (fl.		FEMALE	http://harrypotter.wikia.com/Isobel McGonagall	[Isobel Ross,Isobel McGonagall,]	[]
Weasley378	Weasley family	Family	Weasley is the surname of a pure-blood family (though the most recent generation has many non-pureblood members).	surname	UNKNOWN	http://harrypotter.wikia.com/Weasley family	[a family of red-haired children,]	[]
Severus33	Severus Snape	Individual	Professor Severus Snape (9 January, 1960 – 2 May, 1998) was a half-pure-blood wizard serving as Potions Master (1981-1996), Defence Against the Dark Arts professor (1996-1997), and Headmaster (1997-1998) of Hogwarts School of Witchcraft and Wizardry, as well as a member of the Order of the Phoenix and a Death Eater.	wizard	MALE	http://harrypotter.wikia.com/Severus Snape	[Professor Severus Snape,Potions Master,Snape,]	[<Severus33,father,Tobias563>,<Severus33,mother,Eileen566>,]
Dedalus717	Dedalus Diggle	Individual	Dedalus Diggle (fl.		MALE	http://harrypotter.wikia.com/Dedalus Diggle	[Dedalus Diggle,]	[]
Dudley9733	Dudley Dursley's gang	Organisation	Dudley Dursley's gang was a group of bullies led by Dudley Dursley.	group	UNKNOWN	http://harrypotter.wikia.com/Dudley Dursley's gang	[gang,]	[]
Mary5004	Mary Riddle	Individual	Mary Riddle (1883–1943) was the wife of Thomas Riddle and mother of Tom Riddle and thus the paternal grandmother of Tom Marvolo Riddle, also known as Lord Voldemort.	wife	FEMALE	http://harrypotter.wikia.com/Mary Riddle	[Mary Riddle,]	[]
Fang623	Fang	Pet individual	Fang (fl.		MALE	http://harrypotter.wikia.com/Fang	[Fang,]	[]
Great3880	Great Hall	Location	The Great Hall in the Hogwarts Castle is the main gathering area in the school, which is located off the Entrance Hall.	area	UNKNOWN	http://harrypotter.wikia.com/Great Hall	[Great Hall,]	[]
Peeves39	Peeves	Individual	Peeves was a poltergeist at Hogwarts School of Witchcraft and Wizardry, since c. 993.	poltergeist	MALE	http://harrypotter.wikia.com/Peeves	[Peeves,]	[]
Arcturus6725	Arcturus Black	Individual	Arcturus Black O.M. (First Class) (1901 – 1991) was a pure-blood wizard and member of the noble House of Black.	wizard	MALE	http://harrypotter.wikia.com/Arcturus Black	[Arcturus Black III,]	[]
Stonewall9956	Stonewall High	School	Stonewall High is a state secondary school in the United Kingdom that the Dursley Family had planned for Harry Potter to attend.	school	UNKNOWN	http://harrypotter.wikia.com/Stonewall High	[Stonewall High,]	[]
Tom343	Tom Marvolo Riddle	Individual	Tom Marvolo Riddle (31 December, 1926 – 2 May, 1998), later (and better) known as Lord Voldemort, was a half-blood wizard considered to have been the most powerful and dangerous dark wizard of all time.	wizard	MALE	http://harrypotter.wikia.com/Tom Marvolo Riddle	[Lord Voldemort,You-Know-Who,Tom Riddle,Voldemort,]	[<Tom343,father,Tom823>,<Tom343,mother,Merope283>,<Tom343,daughter,Delphini192667>,<Tom343,paternal grandfather,Thomas3021>,<Tom343,paternal grandmother,Mary5004>,<Tom343,maternal grandfather,Marvolo502>,<Tom343,maternal uncle,Morfin503>,<Tom343,ancestor,Corvinus151156>,<Tom343,distant relative,Gormlaith191439>,<Tom343,distant relative,Rionach191461>,<Tom343,distant cousin,Isolt191422>,<Tom343,distant cousin,Rionach191467>,<Tom343,distant cousin,Martha191468>,<Tom343,distant cousin,James77>,<Tom343,distant cousin,Harry13>,<Tom343,distant cousin,James5039>,<Tom343,distant cousin,Albus5091>,<Tom343,distant cousin,Lily403>,<Tom343,ancestor,Salazar341>,<Tom343,ancestor,Cadmus5491>,]
West37051	West Country	Location	The West Country is a region of south-western England, typically defined as including the counties of Cornwall, Devon, Dorset, and Somerset, although Wiltshire, Gloucestershire and Herefordshire are often included.	region	UNKNOWN	http://harrypotter.wikia.com/West Country	[West Country,]	[]
Owl1022	Owl	Creature	Owls are birds of prey.	bird	UNKNOWN	http://harrypotter.wikia.com/Owl	[Owl,]	[]
Hugo5041	Hugo Granger-Weasley	Individual	Hugo Granger-Weasley (b. September 2008 or later) was a half-blood wizard and the second child of Ronald Weasley and Hermione Granger.	wizard	MALE	http://harrypotter.wikia.com/Hugo Granger-Weasley	[Hugo Granger-Weasley,]	[]
Mirror5272	The Mirror of Erised	Object	The Mirror of Erised is a mirror, which, according to Albus Dumbledore, shows the "deepest, most desperate desire of our hearts."	mirror	UNKNOWN	http://harrypotter.wikia.com/The Mirror of Erised	[Mirror of Erised,]	[]
Kendra5108	Kendra Dumbledore	Individual	Kendra Dumbledore (c. 1851 – Summer 1899) was a Muggle-bornwitch, the wife of Percival Dumbledore.	muggle-bornwitch	FEMALE	http://harrypotter.wikia.com/Kendra Dumbledore	[Kendra Dumbledore,]	[]
Evans7012	Mr Evans	Individual	Mr Evans (died between 1 September 1971 and 31 October 1981) was a Muggle and the father of Petunia and Lily Evans.	muggle	MALE	http://harrypotter.wikia.com/Mr Evans	[Mr Evans,Evans sisters' father,]	[]
Killing524	Killing Curse	Spell	The Killing Curse (Avada Kedavra) is a tool of the Dark Arts and one of the three Unforgivable Curses.	tool	UNKNOWN	http://harrypotter.wikia.com/Killing Curse	[spell he used,]	[]
Trophy14219	Trophy Room	Location	The Trophy Room is a room that moves between the third and sixth-floors of Hogwarts Castle.	room	UNKNOWN	http://harrypotter.wikia.com/Trophy Room	[Trophy Room,]	[]
Morfin503	Morfin Gaunt	Individual	Morfin Gaunt (c. 1900 – before 1996) was a pure-blood wizard descended from Salazar Slytherin.	wizard	MALE	http://harrypotter.wikia.com/Morfin Gaunt	[Morfin Gaunt,]	[]
Elixir2499	Elixir of Life	Potion	The Elixir of Life is a potion produced by using the Philosopher's Stone that extends the life of the drinker.	potion	UNKNOWN	http://harrypotter.wikia.com/Elixir of Life	[Elixir of Life,]	[]
Fred5309	Fred Weasley	Individual	Fred Weasley (b. 2000s) was the oldest child of George and Angelina Weasley (née Johnson).	child	MALE	http://harrypotter.wikia.com/Fred Weasley	[Fred Weasley II,]	[]
Hogwarts156240	Hogwarts express ticket	Object	A Hogwarts Express ticket is a ticket provided to all who are attending Hogwarts School of Witchcraft and Wizardry for the first time.	ticket	UNKNOWN	http://harrypotter.wikia.com/Hogwarts express ticket	[Hogwarts Express ticket,train ticket,]	[]
Vampire711	Vampire	Creature	A vampire is a magical humanoid that is famed for biting people on the neck and sucking their blood.	humanoid	UNKNOWN	http://harrypotter.wikia.com/Vampire	[vampire,]	[]
Percival5061	Percival Dumbledore	Individual	Percival Dumbledore (fl.		MALE	http://harrypotter.wikia.com/Percival Dumbledore	[Percival Dumbledore,]	[]
Galleon819	Galleon or Gold-Galleon	Object	A Galleon or Gold-Galleon () is the most valued coin of the wizarding currency.	coin	UNKNOWN	http://harrypotter.wikia.com/Galleon or Gold-Galleon	[Galleon,]	[]
Poppy43	Poppy Pomfrey	Individual	Madam Poppy Pomfrey was the matron at Hogwarts School of Witchcraft and Wizardry.	matron	FEMALE	http://harrypotter.wikia.com/Poppy Pomfrey	[Pomfrey,]	[]
Cedrella6739	Cedrella Weasley	Individual	Cedrella Weasley (née Black) (fl.		FEMALE	http://harrypotter.wikia.com/Cedrella Weasley	[Cedrella Weasley,Cedrella Black,]	[]
Eileen566	Eileen Snape	Individual	Eileen Snape (née Prince) (born c. 1929) was a British witch, wife to the Muggle Tobias Snape and mother to Severus Snape.	witch	FEMALE	http://harrypotter.wikia.com/Eileen Snape	[Eileen Prince,Eileen Snape,]	[]
Fabian910	Fabian Prewett	Individual	Fabian Prewett (d. 1981) was a pure-blood wizard and the brother of both Gideon and Molly.	wizard	MALE	http://harrypotter.wikia.com/Fabian Prewett	[Fabian Prewett,]	[]
Grawp701	Grawp	Individual	Grawp (b. post 1931) was a giant that was known, despite standing a full sixteen feet tall, for his small stature and short height.	giant	MALE	http://harrypotter.wikia.com/Grawp	[Grawp,]	[]
Remembrall3092	Remembrall	Object	A Remembrall is a large marble sized glass ball that contains smoke which turns red when its owner has forgotten something.	ball	UNKNOWN	http://harrypotter.wikia.com/Remembrall	[Remembrall,]	[]
Gideon909	Gideon Prewett	Individual	Gideon Prewett (d. 1981) was a pure-blood wizard, the brother of both Fabian and Molly.	wizard	MALE	http://harrypotter.wikia.com/Gideon Prewett	[Gideon Prewett,]	[]
Platform122466	Platform Nine	Location	Platform Nine was one of the Muggle railway platforms at King's Cross Station.	one	UNKNOWN	http://harrypotter.wikia.com/Platform Nine	[nine,]	[]
Fred215	Fred Weasley	Individual	Fred Weasley (1 April, 1978 – 2 May, 1998) was a pure-blood wizard, a son of Arthur Weasley and Molly Weasley (née Prewett), brother to Bill, Charlie, Percy, Ron, and Ginny Weasley, and twin brother to George Weasley.	wizard	MALE	http://harrypotter.wikia.com/Fred Weasley	[Fred Weasley,]	[]
Elphinstone119024	Elphinstone Urquart	Individual	Elphinstone Urquart (d. 1985) was a pure-blood wizard and a Ministry of Magic official for the Department of Magical Law Enforcement in the 1950s.	wizard	MALE	http://harrypotter.wikia.com/Elphinstone Urquart	[Elphinstone Urquart,]	[]
Broomstick669	Broomstick	Object	Broomsticks, also known as brooms, are one of the means employed by wizards and witches to transport themselves between locations.	one	UNKNOWN	http://harrypotter.wikia.com/Broomstick	[Broomstick,]	[]
Irma3146	Irma Black	Individual	Irma Black (née Crabbe) (fl.		FEMALE	http://harrypotter.wikia.com/Irma Black	[Irma Crabbe,Irma Black,]	[]
Hufflepuff11	Hufflepuff	House	Hufflepuff is one of the four Houses of Hogwarts School of Witchcraft and Wizardry.	one	UNKNOWN	http://harrypotter.wikia.com/Hufflepuff	[Hufflepuff,]	[]
Albus5091	Albus Severus Potter	Individual	Albus Severus "Al" Potter (b. c. 2006) was a half-pure-blood wizard, the second son of Harry and Ginevra Potter (née Weasley).	wizard	MALE	http://harrypotter.wikia.com/Albus Severus Potter	[Albus Potter,]	[]
Cannon30830	Cannon	Object	A cannon is a piece of artillery typically used as a weapon, although they are also commonly used for ceremonial purposes.	piece	UNKNOWN	http://harrypotter.wikia.com/Cannon	[cannon,]	[]
Harry13	Harry James Potter	Individual	Harry James Potter (b. 31 July 1980) is a half-pure-blood wizard, and one of the most famous wizards of modern times.	wizard	MALE	http://harrypotter.wikia.com/Harry James Potter	[Boy Who Lived,Harry Potter,Harry,]	[<Harry13,paternal ancestor,Ignotus5139>,<Harry13,paternal ancestor,Linfred183106>,<Harry13,paternal grandfather,Fleamont10266>,<Harry13,paternal grandmother,Euphemia10269>,<Harry13,maternal grandfather,Evans7012>,<Harry13,maternal grandmother,Evans12552>,<Harry13,father,James77>,<Harry13,mother,Lily409>,<Harry13,father-in-law,Arthur26>,<Harry13,mother-in-law,Molly27>,<Harry13,wife,Ginevra25>,<Harry13,son,James5039>,<Harry13,son,Albus5091>,<Harry13,daughter,Lily403>,<Harry13,brother-in-law,Ronald14>,<Harry13,sister-in-law,Hermione15>,<Harry13,niece,Rose5040>,<Harry13,nephew,Hugo5041>,<Harry13,brother-in-law,Fred215>,<Harry13,brother-in-law,George216>,<Harry13,sister-in-law,Angelina327>,<Harry13,nephew,Fred5309>,<Harry13,niece,Roxanne7964>,<Harry13,brother-in-law,William28>,<Harry13,sister-in-law,Fleur492>,<Harry13,niece,Victoire5063>,<Harry13,niece,Dominique7959>,<Harry13,nephew,Louis7960>,<Harry13,brother-in-law,Charles145541>,<Harry13,brother-in-law,Percy30>,<Harry13,sister-in-law,Audrey7961>,<Harry13,niece,Molly7963>,<Harry13,niece,Lucy7962>,<Harry13,maternal aunt,Petunia437>,<Harry13,maternal uncle by marriage,Vernon384>,<Harry13,maternal first cousin,Dudley438>,<Harry13,cousin-in-law,Dudley15557>,<Harry13,first cousins once removed,Dudley14971>,<Harry13,distant cousin,Tom343>,<Harry13,in-laws,Weasley378>,<Harry13,paternal ancestors,Fleamont183112>,<Harry13,paternal ancestors,Dorea3839>,<Harry13,paternal relatives,Gaunt685>,]
Ross119011	Mrs Ross	Individual	Mrs Ross was a Scottish witch and she and her husband had at least one child, Isobel.	witch	FEMALE	http://harrypotter.wikia.com/Mrs Ross	[Mrs Ross,Isobel Ross's mother,]	[]
Fridwulfa4542	Fridwulfa	Individual	Fridwulfa was a giantess and the mother of the Half-giant Rubeus Hagrid, and the giant Grawp.	giantess	FEMALE	http://harrypotter.wikia.com/Fridwulfa	[Fridwulfa,]	[]
Dark8838	Dark Wizard	Organisation	A Dark Wizard or Witch is any magical person who primarily studies and/or practises the Dark Arts, otherwise known as Dark Magic.	person	UNKNOWN	http://harrypotter.wikia.com/Dark Wizard	[Dark Wizard,]	[]
Ross119016	Mr Ross	Individual	Mr Ross was a Scottish wizard and he and his wife, a witch, had at least one child, Isobel.	wizard	MALE	http://harrypotter.wikia.com/Mr Ross	[Isobel Ross's father,Mr Ross,]	[]
Ignatius4570	Ignatius Prewett	Individual	Ignatius Prewett was a pure-blood wizard who married Lucretia Black.	wizard	MALE	http://harrypotter.wikia.com/Ignatius Prewett	[Ignatius Prewett,]	[]
Wizardkind3052	Wizardkind	Creature	Wizardkind are humans that are born with the ability to perform magic.	humans	UNKNOWN	http://harrypotter.wikia.com/Wizardkind	[Wizards,witch,wizard,]	[]
Rionach191467	Rionach Steward	Individual	Rionach Steward (b. 1600s) was a half-blood American witch and the younger twin daughter of Isolt Sayre and James Steward.	witch	FEMALE	http://harrypotter.wikia.com/Rionach Steward	[Rionach Steward,]	[]
Zombie3741	Zombie	Creature	Zombies are "living dead" creatures that dwell in the southern part of the United States of America.	creature	UNKNOWN	http://harrypotter.wikia.com/Zombie	[troublesome zombie,]	[]
Petunia437	Petunia Dursley	Individual	Petunia Dursley (née Evans) (c. 1960 – c. 2020) was a Muggle, the elder daughter of Mr. and Mrs Evans and the sister of the Muggle-born witch Lily.	muggle	FEMALE	http://harrypotter.wikia.com/Petunia Dursley	[Petunia,Aunt Petunia,Petunia Dursley,]	[<Petunia437,father,Evans7012>,<Petunia437,mother,Evans12552>,<Petunia437,sister,Lily409>,<Petunia437,husband,Vernon384>,<Petunia437,sister-in-law,Marjorie510>,<Petunia437,mother-in-law,Dursley95378>,<Petunia437,brother-in-law,James77>,<Petunia437,son,Dudley438>,<Petunia437,nephew,Harry13>,<Petunia437,daughter-in-law,Dudley15557>,<Petunia437,niece-in-law,Ginevra25>,]
Hogwarts11345	Hogwarts uniform	Object	The Hogwarts uniform is the clothing that students attending Hogwarts School of Witchcraft and Wizardry are required to wear.	clothing	UNKNOWN	http://harrypotter.wikia.com/Hogwarts uniform	[pointed hat,]	[]
Doris7230	Doris Crockford	Individual	Doris Crockford was a witch who greeted Harry Potter in the Leaky Cauldron on the way to Harry's first trip into Diagon Alley on 31 July 1991.	witch	FEMALE	http://harrypotter.wikia.com/Doris Crockford	[Doris Crockford,]	[]
Rionach191461	Rionach Sayre	Individual	Rionach Sayre (née Gaunt) (d. 1608) was an Irish pure-blood witch.	witch	UNKNOWN	http://harrypotter.wikia.com/Rionach Sayre	[Rionach Gaunt,]	[]
Ollivander119068	Mrs Ollivander	Individual	Mrs Ollivander was a Muggle-born witch.	witch	FEMALE	http://harrypotter.wikia.com/Mrs Ollivander	[Mrs Ollivander,Garrick Ollivander's mother,]	[]
George216	George Weasley	Individual	George Weasley (b. 1 April, 1978) was a pure-blood wizard, son of Arthur Weasley and Molly Weasley (née Prewett), brother of Bill, Charlie, Percy, Ron, and Ginny, and twin brother of the late Fred Weasley.	wizard	MALE	http://harrypotter.wikia.com/George Weasley	[George Weasley,]	[]
Minister362	Minister for Magic	Official post	The Minister for Magic is the leader of the wizarding community in the United Kingdom and Ireland and the highest ranking member of the Ministry of Magic, which they control.	leader	UNKNOWN	http://harrypotter.wikia.com/Minister for Magic	[Minister,]	[]
Garrick3857	Garrick Ollivander	Individual	Garrick Ollivander (b. 25 September, in or prior to 1907) was the proprietor of Ollivanders in Diagon Alley during most of the 20th century.	proprietor	MALE	http://harrypotter.wikia.com/Garrick Ollivander	[Mr Ollivander,]	[<Garrick3857,father,Gervaise119083>,<Garrick3857,mother,Ollivander119068>,<Garrick3857,paternal grandfather,Gerbold119174>,<Garrick3857,ancestor,Geraint119170>,]
Defence47697	Defence Against the Dark Arts	Class	Defence Against the Dark Arts (sometimes written as DADA) is a subject taught at Hogwarts School of Witchcraft and Wizardry and Ilvermorny School of Witchcraft and Wizardry.	subject	UNKNOWN	http://harrypotter.wikia.com/Defence Against the Dark Arts	[Defence Against the Dark Arts,]	[]
Robes29284	Robes	Object	Robes are loose-fitting outer garments most commonly worn by wizards and witches.		UNKNOWN	http://harrypotter.wikia.com/Robes	[robes,]	[]
Kent61724	Kent	Location	Kent is a county in south-east England.	county	UNKNOWN	http://harrypotter.wikia.com/Kent	[Kent,]	[]
Walburga2762	Walburga Black	Individual	Walburga Black (1925 – 1985) was a pure-blood witch, the daughter of Pollux Black and Irma Crabbe, the sister of Alphard and Cygnus, the wife and second cousin of Orion Black and the mother of Sirius III and Regulus II.	witch	FEMALE	http://harrypotter.wikia.com/Walburga Black	[Walburga Black,]	[]
Norwegian3586	Norwegian Ridgeback	Creature	The Norwegian Ridgeback is a dragon native to Norway, and its typical habitat is the Northern mountains.	native	UNKNOWN	http://harrypotter.wikia.com/Norwegian Ridgeback	[Norwegian Ridgeback,]	[]
Fluffy671	Fluffy	Pet individual	Fluffy was a large, vicious, three-headed dog who was once cared for by Rubeus Hagrid.	dog	MALE	http://harrypotter.wikia.com/Fluffy	[Fluffy,three-headed dog,]	[]
Regulus83	Regulus Arcturus Black	Individual	Regulus Arcturus Black (1961 – 1979) was a pure-blood wizard, born to Orion and Walburga Black, and the younger brother of Sirius Black.	wizard	MALE	http://harrypotter.wikia.com/Regulus Arcturus Black	[Regulus Black,]	[]
Smallest20596	The Smallest Bedroom	Location	The Smallest Bedroom is a room located on the upper story of number 4 Privet Drive.	room	UNKNOWN	http://harrypotter.wikia.com/The Smallest Bedroom	[Dudley's second bedroom,]	[]
Pollux2760	Pollux Black	Individual	Pollux Black (1912 – 1990) was a pure-blood wizard, the eldest child of Cygnus Black II and Violetta Bulstrode, the brother of Cassiopeia Black, Marius Black, and Dorea Black, the husband of Irma Crabbe, the father of Walburga Black, Alphard Black, and Cygnus Black III, the grandfather of Sirius Black, Regulus Black, Bellatrix Lestrange, Andromeda Tonks, and Narcissa Malfoy, the great-grandfather of Draco Malfoy, Nymphadora Tonks and Delphini, and the great-great-grandfather of Teddy Lupin and Scorpius Malfoy.	wizard	MALE	http://harrypotter.wikia.com/Pollux Black	[Pollux Black,]	[]
Vernon384	Vernon Dursley	Individual	Vernon Dursley was a Muggle, husband of Petunia Evans, father of Dudley and uncle of Harry Potter by marriage.	husband	MALE	http://harrypotter.wikia.com/Vernon Dursley	[Vernon Dursley,Uncle Vernon,Vernon,]	[<Vernon384,sister,Marjorie510>,<Vernon384,wife,Evans11522>,<Vernon384,son,Dudley438>,<Vernon384,daughter-in-law,Dudley15557>,<Vernon384,father-in-law,Evans7012>,<Vernon384,mother-in-law,Evans12552>,<Vernon384,sister-in-law,Lily409>,<Vernon384,brother-in-law,James77>,<Vernon384,nephew,Harry13>,<Vernon384,niece-in-law,Ginevra25>,]
Quill4513	Quill	Object	A quill is a writing instrument made from a feather whose tip has been cut into a pointed shape.	instrument	UNKNOWN	http://harrypotter.wikia.com/Quill	[quill,]	[]
Minerva32	Minerva McGonagall	Individual	Professor Minerva McGonagall, O.M. (First Class), (b. 4 October,1935) was a half-blood witch, the only daughter of Muggle Robert McGonagall and witch Isobel Ross.	witch	FEMALE	http://harrypotter.wikia.com/Minerva McGonagall	[Professor McGonagall,McGonagall,Minerva McGonagall,Professor Minerva McGonagall,silver tabby cat,]	[<Minerva32,father,Robert111238>,<Minerva32,mother,Isobel111263>,<Minerva32,husband,Elphinstone119024>,<Minerva32,brother,Malcolm119020>,<Minerva32,brother,Robert119022>,<Minerva32,maternal grandfather,Ross119016>,<Minerva32,maternal grandmother,Ross119011>,<Minerva32,maternal great-grandmother,Minerva18884>,<Minerva32,possible ancestor,William123014>,<Minerva32,possible relative,M.7567>,]
Vault11442	Vault 713	Location	Vault 713 is a high security vault at Gringotts Wizarding Bank in London, England.	vault	UNKNOWN	http://harrypotter.wikia.com/Vault 713	[Vault 713,]	[]
Squib282	Squib	Creature	A Squib, also known as a wizard-born, is a non-magical person who is born to at least one magical parent.	person	UNKNOWN	http://harrypotter.wikia.com/Squib	[Squib,]	[]
Lily409	Lily J. Potter	Individual	Lily J.Potter (née Evans) (30 January, 1960 – 31 October, 1981) was a Muggle-bornwitch, the younger daughter of Mr and Mrs Evans and the younger sister of Petunia Evans, who would later be the person who would take care of Lily's son.	muggle-bornwitch	FEMALE	http://harrypotter.wikia.com/Lily J. Potter	[mother,Lily Potter,Lily,]	[<Lily409,father,Evans7012>,<Lily409,mother,Evans12552>,<Lily409,sister,Petunia437>,<Lily409,husband,James77>,<Lily409,son,Harry13>,<Lily409,daughter-in-law,Ginevra25>,<Lily409,grandson,James5039>,<Lily409,grandson,Albus5091>,<Lily409,granddaughter,Lily403>,<Lily409,brother-in-law,Vernon384>,<Lily409,nephew,Dudley438>,<Lily409,niece-in-law,Dudley15557>,<Lily409,father-in-law,Fleamont10266>,<Lily409,mother-in-law,Euphemia10269>,<Lily409,in-laws,Potter2756>,]
Robert111238	Robert McGonagall Senior	Individual	Reverend Robert McGonagall Senior was a Muggle and Presbyterian minister who lived in Caithness, in Scotland, during the early twentieth century.	minister	MALE	http://harrypotter.wikia.com/Robert McGonagall Senior	[Robert McGonagall Snr,]	[]
Harry17026	Harry Potter's wand	Wand	Harry Potter's wand was 11" long, made of holly, and possessed a phoenix feather core.	11	UNKNOWN	http://harrypotter.wikia.com/Harry Potter's wand	[wand,]	[]
Platform122471	Platform Ten	Location	Platform Ten was one of the Muggle railway platforms at King's Cross Station.	one	UNKNOWN	http://harrypotter.wikia.com/Platform Ten	[ten,]	[]
House627	House of Black	Family			UNKNOWN	http://harrypotter.wikia.com/House of Black	[House of Black,]	[]
Gervaise119083	Gervaise Ollivander	Individual	Gervaise Ollivander was a wizard who came from a long line of wandmakers who had operated in Diagon Alley since 382 B.C.	wizard	MALE	http://harrypotter.wikia.com/Gervaise Ollivander	[Gervaise Ollivander,]	[]
Marcus293	Marcus Flint	Individual	Marcus Flint (b. 1974/1975) was a wizard who attended Hogwarts School of Witchcraft and Wizardry from 1986 to 1994 and was sorted into Slytherin house.	wizard	MALE	http://harrypotter.wikia.com/Marcus Flint	[Slytherin Captain,]	[<Marcus293,possible relative,Ursula4943>,<Marcus293,possible relative,Josephina174075>,]
Tobias563	Tobias Snape	Individual	Tobias Snape was a British Muggle and the patriarch of the Snape family in the late twentieth century.	muggle	MALE	http://harrypotter.wikia.com/Tobias Snape	[Tobias Snape,]	[]
Arabella613	Arabella Doreen Figg	Individual	Mrs Arabella Doreen Figg was a Squib, a dealer of cross-bred cats and kneazles, and a member of the Order of the Phoenix.	squib	FEMALE	http://harrypotter.wikia.com/Arabella Doreen Figg	[Arabella Figg,]	[]
Gryffindor760	Gryffindor Quidditch team	Quidditch Team	The Gryffindor Quidditch team is the house Quidditch team of the Hogwarts house Gryffindor.	team	UNKNOWN	http://harrypotter.wikia.com/Gryffindor Quidditch team	[Gryffindor Quidditch team,]	[]
Marjorie510	Marjorie Eileen Dursley	Individual	Marjorie "Marge" EileenDursley was Vernon Dursley's elder sister, sister-in-law to Petunia Dursley, and the aunt of Dudley Dursley.	sister	FEMALE	http://harrypotter.wikia.com/Marjorie Eileen Dursley	[Uncle Vernon's sister,Marjorie Dursley,]	[<Marjorie510,brother,Vernon384>,<Marjorie510,sister-in-law,Petunia437>,<Marjorie510,nephew,Dudley438>,]
Ursula4943	Ursula Black	Individual	Ursula Black (née Flint) (fl.		FEMALE	http://harrypotter.wikia.com/Ursula Black	[Ursula Flint,]	[]
Draco16	Draco Lucius Malfoy	Individual	Draco LuciusMalfoy (b. 5 June, 1980) was a pure-blood wizard and the only son of Lucius and Narcissa Malfoy (née Black).	wizard	MALE	http://harrypotter.wikia.com/Draco Lucius Malfoy	[Draco Malfoy,Malfoy,pale-faced boy,]	[<Draco16,father,Lucius313>,<Draco16,mother,Narcissa464>,<Draco16,wife,Astoria7852>,<Draco16,son,Scorpius5038>,<Draco16,paternal grandfather,Abraxas812>,<Draco16,maternal grandfather,Cygnus6742>,<Draco16,maternal grandmother,Druella4593>,<Draco16,maternal aunt,Bellatrix506>,<Draco16,maternal uncle,Rodolphus657>,<Draco16,maternal aunt,Andromeda586>,<Draco16,maternal uncle,Edward578>,<Draco16,maternal first cousin,Nymphadora584>,<Draco16,maternal first cousin,Delphini192667>,<Draco16,sister-in-law,Daphne2442>,<Draco16,maternal family,House627>,<Draco16,in-laws,Greengrass12012>,]
Isolt191422	Isolt Sayre	Individual	Isolt Sayre (b. 1603) was a famous Irish pure-blood witch, the only child and daughter of William and Rionach Sayre.	witch	UNKNOWN	http://harrypotter.wikia.com/Isolt Sayre	[Isolt Sayre,]	[]
Molly27	Molly Weasley	Individual	Molly Weasley (née Prewett) (b. 30 October, 1949/1950) was a pure-pure-blood witch and the matriarch of the Weasley family.	witch	FEMALE	http://harrypotter.wikia.com/Molly Weasley	[the mother,Molly Weasley,]	[<Molly27,brother or brother-in-law,Bilius4538>,<Molly27,brother,Gideon909>,<Molly27,brother,Fabian910>,<Molly27,husband,Arthur26>,<Molly27,son,William28>,<Molly27,son,Charles145541>,<Molly27,son,Percy30>,<Molly27,son,Fred215>,<Molly27,son,George216>,<Molly27,son,Ronald14>,<Molly27,daughter,Ginevra25>,<Molly27,,Muriel5536>,<Molly27,uncle,Ignatius4570>,<Molly27,aunt,Lucretia6741>,<Molly27,possible aunt,Tessie7222>,<Molly27,granddaughter,Victoire5063>,<Molly27,granddaughter,Dominique7959>,<Molly27,grandson,Louis7960>,<Molly27,granddaughter,Molly7963>,<Molly27,granddaughter,Lucy7962>,<Molly27,grandson,Fred5309>,<Molly27,granddaughter,Roxanne7964>,<Molly27,granddaughter,Rose5040>,<Molly27,grandson,Hugo5041>,<Molly27,grandson,James5039>,<Molly27,grandson,Albus5091>,<Molly27,granddaughter,Lily403>,<Molly27,son-in-law,Harry13>,<Molly27,daughter-in-law,Hermione15>,<Molly27,daughter-in-law,Fleur492>,<Molly27,daughter-in-law,Angelina327>,<Molly27,daughter-in-law,Audrey7961>,<Molly27,father-in-law,Septimus3236>,<Molly27,mother-in-law,Cedrella6739>,]
Algie2528	Algie Longbottom	Individual	Algie Longbottom (fl.		MALE	http://harrypotter.wikia.com/Algie Longbottom	[Algie Longbottom,]	[]
Lucy7962	Lucy Weasley	individual	Lucy Weasley (b. 2000s) was the youngest daughter of Percy and Audrey Weasley.	daughter	FEMALE	http://harrypotter.wikia.com/Lucy Weasley	[Lucy Weasley,]	[]
Lily403	Lily Luna Potter	Individual	Lily Luna Potter (b. c. 2008) was a half-blood witch, the youngest child and only daughter of Harry and Ginevra Potter (née Weasley).	witch	FEMALE	http://harrypotter.wikia.com/Lily Luna Potter	[Lily L. Potter,Lily Potter,]	[]
Piers2549	Piers Polkiss	Individual	Piers Polkiss was a Muggle and Dudley Dursley's best friend.	muggle	MALE	http://harrypotter.wikia.com/Piers Polkiss	[Piers,Piers Polkiss,]	[<Piers2549,mother,Polkiss16374>,]
Privet3572	Privet Drive	Location	Privet Drive is a suburban street in Little Whinging, which is located in the county of Surrey, near London in the southeast of England.	street	UNKNOWN	http://harrypotter.wikia.com/Privet Drive	[Privet Drive,]	[]
Potter2756	Potter family	Family	Potter is the surname of an old wizarding family descended from Ignotus Peverell and Linfred of Stinchcombe.	surname	UNKNOWN	http://harrypotter.wikia.com/Potter family	[Potters,]	[]
Longbottom7569	Mr Longbottom	Individual	Mr Longbottom (pre-1947—between 1980 and 1995) was a pure-blood wizard.	wizard	MALE	http://harrypotter.wikia.com/Mr Longbottom	[Mr Longbottom,Frank Longbottom's father,]	[]
Delphini192667	Delphini	Individual	Delphini (born c. 1998), known by the nickname Delphi, was a half-pure-blood witch, the daughter of Tom Riddle and Bellatrix Lestrange.	witch	FEMALE	http://harrypotter.wikia.com/Delphini	[Delphini,]	[]
Parchment52921	Parchment	Object	Parchment is a thin material made from calfskin, sheepskin or goatskin, often split.	material	UNKNOWN	http://harrypotter.wikia.com/Parchment	[parchment,]	[]
Gregory548	Gregory Goyle	Individual	Gregory Goyle (b. 1979/1980) was a pure-blood wizard in the same year as Harry Potter at Hogwarts School of Witchcraft and Wizardry.	wizard	MALE	http://harrypotter.wikia.com/Gregory Goyle	[Goyle,Gregory Goyle,]	[<Gregory548,mother,Goyle9797>,]
Ghost61	Ghost	Creature	A ghost is the disembodied spirit of a once-living wizard or witch.	spirit	UNKNOWN	http://harrypotter.wikia.com/Ghost	[ghost,]	[]
Pomona421	Pomona Sprout	Individual	Madam Professor Pomona Sprout (b. 15 May, 1931 or 1941) was a witch who worked as Head of Hufflepuff House and Head of the Herbology department at Hogwarts School of Witchcraft and Wizardry.	witch	FEMALE	http://harrypotter.wikia.com/Pomona Sprout	[Sprout,]	[]
Smeltings9954	Smeltings Academy	School	Smeltings Academy, sometimes referred to as Smeltings, was a Muggle public school that Dudley Dursley and Piers Polkiss attended in the 1990s.	school	UNKNOWN	http://harrypotter.wikia.com/Smeltings Academy	[Smeltings Academy,]	[]
Little678	Little Whinging	Location	Little Whinging is a town in the English county of Surrey.	town	UNKNOWN	http://harrypotter.wikia.com/Little Whinging	[Little Whinging,]	[]
Irma44	Irma Pince	Individual	Madam Irma Pince (fl.		FEMALE	http://harrypotter.wikia.com/Irma Pince	[Madam Pince,]	[]
Sickle1066	Sickle or Silver-Sickle	Object	A Sickle or Silver-Sickle () is a form of currency in the wizarding world that is made out of silver.	form	UNKNOWN	http://harrypotter.wikia.com/Sickle or Silver-Sickle	[Sickle,]	[]
Quirinus54	Quirinus Quirrell	Individual	Professor Quirinus Quirrell (26 September,1972 or earlier – 4 June,1992) was a half-blood wizard who attended Hogwarts School of Witchcraft and Wizardry and was sorted into Ravenclaw House.	wizard	MALE	http://harrypotter.wikia.com/Quirinus Quirrell	[Quirrell,Quirinus Quirrell,Man with Two Faces,Professor Quirrell,]	[]
Rufus8985	Rufus Fudge	Individual	Rufus Fudge was the nephew of former Minister for Magic Cornelius Fudge.	nephew	MALE	http://harrypotter.wikia.com/Rufus Fudge	[Rufus Fudge,]	[]
Daphne2442	Daphne Greengrass	Individual	Daphne Greengrass (b. 1979/1980) was a pure-blood witch and a member of the Greengrass family, an old wizarding family and one of the Sacred Twenty-Eight.	witch	FEMALE	http://harrypotter.wikia.com/Daphne Greengrass	[Daphne Greengrass,]	[]
Philosophers355	Philosopher's Stone	Object	The Philosopher's Stone was an artificial, rufescent stone with magical properties.	stone	UNKNOWN	http://harrypotter.wikia.com/Philosopher's Stone	[Philosopher's Stone,Stone,You-Know-What,]	[]
Hogwarts57	Hogwarts School of Witchcraft and Wizardry	School	Hogwarts School of Witchcraft and Wizardry is the British wizarding school, located in the Highlands of Scotland.	school	UNKNOWN	http://harrypotter.wikia.com/Hogwarts School of Witchcraft and Wizardry	[No One,Hogwarts School of Witchcraft and Wizardry,]	[]
Rubeus47	Rubeus Hagrid	Individual	Professor Rubeus Hagrid (b. 6 December 1928) was a half-giant wizard, son of Mr Hagrid and the giantess Fridwulfa, and elder half-brother of the giant Grawp.	wizard	MALE	http://harrypotter.wikia.com/Rubeus Hagrid	[Rubeus Hagrid,Hagrid,The Keeper of the Keys,]	[<Rubeus47,father,Rubeus8295>,<Rubeus47,mother,Fridwulfa4542>,<Rubeus47,maternal half-brother,Grawp701>,<Rubeus47,step-father,Grawps13846>,<Rubeus47,possible relation,Jim167818>,]
Lucius313	Lucius Malfoy	Individual	Lucius Malfoy (b. 1953 - 1954) was a pure-pure-blood wizard, and son of Abraxas Malfoy, husband of Narcissa Black and the father of Draco Malfoy.	wizard	MALE	http://harrypotter.wikia.com/Lucius Malfoy	[Lucius Malfoy,]	[]
Sirius31	Sirius Black	Individual	Sirius Black (3 November,1959 – 18 June, 1996), also known as Padfoot or Snuffles (in his Animagus form) was a pure-blood wizard, the older son of Orion and Walburga Black, and the brother of Regulus Black.	wizard	MALE	http://harrypotter.wikia.com/Sirius Black	[its actual owner,]	[<Sirius31,,Phineas3816>,<Sirius31,,Orion3534>,<Sirius31,,Walburga2762>,<Sirius31,,Regulus83>,<Sirius31,,Arcturus6725>,<Sirius31,paternal grandmother,Melania6726>,<Sirius31,,Pollux2760>,<Sirius31,maternal grandmother,Irma3146>,<Sirius31,,Bellatrix506>,<Sirius31,,Andromeda586>,<Sirius31,maternal first cousin once removed,Nymphadora584>,<Sirius31,,Narcissa464>,<Sirius31,,Alphard3132>,<Sirius31,,Cygnus6742>,<Sirius31,maternal aunt by marriage,Druella4593>,<Sirius31,,Lucretia6741>,<Sirius31,paternal uncle by marriage,Ignatius4570>,]
Aberforth396	Aberforth Dumbledore	Individual	Aberforth Dumbledore (b. 1883/1884) was a half-blood wizard, the second son of Percival and Kendra Dumbledore, younger brother of Albus, and older brother of Ariana.	wizard	MALE	http://harrypotter.wikia.com/Aberforth Dumbledore	[Aberforth Dumbledore,]	[]
Evans12552	Mrs Evans	Individual	Mrs Evans (died between 1 September 1971 and 31 October 1981) was a Muggle woman and the mother of Petunia and Lily Evans.	woman	FEMALE	http://harrypotter.wikia.com/Mrs Evans	[Evans sisters' mother,Mrs Evans,]	[]
Ollivanders2420	Ollivanders	Location	Ollivanders is a wand shop founded in 382 B.C..	shop	UNKNOWN	http://harrypotter.wikia.com/Ollivanders	[Ollivanders,]	[]
Hogwarts17095	Hogwarts Library	Location	The Hogwarts Library is located off of a corridor on the first-floor of Hogwarts Castle and contains tens of thousands of books on thousands of shelves.		UNKNOWN	http://harrypotter.wikia.com/Hogwarts Library	[library,]	[]
Fudge8976	Mrs Fudge	Individual	Mrs Fudge was the wife of former Minister for Magic, Cornelius Fudge.	wife	FEMALE	http://harrypotter.wikia.com/Mrs Fudge	[Mrs Fudge,Cornelius Fudge's wife,]	[]
Seamus21	Seamus Finnigan	Individual	Seamus Finnigan (b. 1979/1980) was a half-pure-blood wizard, son of Muggle Mr Finnigan and Irish witch Mrs Finnigan, something that gave Mr Finnigan a "nasty shock" when he first learned it.	wizard	MALE	http://harrypotter.wikia.com/Seamus Finnigan	[Seamus Finnigan,]	[<Seamus21,father,Finnigan8967>,<Seamus21,mother,Finnigan7638>,<Seamus21,,Fergus4738>,]
Grawps13846	Grawp's father	Individual	This giant was the father of Grawp, stepfather of Rubeus Hagrid and husband of Fridwulfa.	father	MALE	http://harrypotter.wikia.com/Grawp's father	[Grawp's father,]	[]
Tessie7222	Tessie	Individual	Tessie was a great-aunt of the children of Arthur and Molly Weasley.	great-aunt	FEMALE	http://harrypotter.wikia.com/Tessie	[Tessie,]	[]
Cadmus5491	Cadmus Peverell	Individual	Cadmus Peverell (fl.		MALE	http://harrypotter.wikia.com/Cadmus Peverell	[Cadmus Peverell,]	[]
Malkin9725	Malkin	Individual	Madam Malkin was the owner of Madam Malkin's Robes for All Occasions.	owner	FEMALE	http://harrypotter.wikia.com/Malkin	[Madam Malkin,]	[]
Prewett9543	Mrs Prewett	Individual	Mrs Prewett was a pure-blood witch, the wife of Mr Prewett, and the mother of Gideon, Fabian and Molly Prewett (later Weasley).	witch	FEMALE	http://harrypotter.wikia.com/Mrs Prewett	[Mrs Prewett,Molly Weasley's mother,]	[]
Prewett9544	Mr Prewett	Individual	Mr Prewett was a pure-blood wizard.	wizard	MALE	http://harrypotter.wikia.com/Mr Prewett	[Mr Prewett,Molly Weasley's father,]	[]
Molly7963	Molly Weasley	individual	Molly Weasley (b. 2000s) was the elder daughter of Percy and Audrey Weasley.	daughter	FEMALE	http://harrypotter.wikia.com/Molly Weasley	[Molly Weasley II,]	[]
Centaur408	Centaur	Creature	A Centaur is a magical creature whose head, torso and arms appear to be human and are joined to a horse's body.	creature	UNKNOWN	http://harrypotter.wikia.com/Centaur	[centaur,]	[]
Griphook4441	Griphook	Individual	Griphook was a goblin who worked at Gringotts Wizarding Bank in Diagon Alley.	goblin	MALE	http://harrypotter.wikia.com/Griphook	[Griphook,]	[]
Vanishing5399	Vanishing Spell	Spell	The Vanishing Spell (Evanesco) is a Transfiguration spell used to vanish both animate and inanimate objects "into non-being, which is to say, everything".	spell	UNKNOWN	http://harrypotter.wikia.com/Vanishing Spell	[vanishes,Vanishing,]	[]
Levitation148451	Levitation Charm	Spell	The Levitation Charm (Wingardium Leviosa) is a charm used to make objects fly, or levitate, taught to first years at Hogwarts School of Witchcraft and Wizardry.	charm	UNKNOWN	http://harrypotter.wikia.com/Levitation Charm	[Wingardium Leviosa,]	[]
Angelina327	Angelina Weasley	Individual	Angelina Weasley (née Johnson) (b. 24 – 30 October, 1977) was a witch and a Gryffindor student at Hogwarts School of Witchcraft and Wizardry.	witch	FEMALE	http://harrypotter.wikia.com/Angelina Weasley	[Angelina Johnson,Angelina Weasley,]	[]
Cygnus6742	Cygnus Black	Individual	Cygnus Black (1938 – 1992) was a pure-blood wizard and member of the noble Black family.	wizard	MALE	http://harrypotter.wikia.com/Cygnus Black	[Cygnus Black III,Cygnus Black,]	[]
Potions654	Potions	Class	Potions is a core class and subject taught at Hogwarts School of Witchcraft and Wizardry and Ilvermorny School of Witchcraft and Wizardry.	class	UNKNOWN	http://harrypotter.wikia.com/Potions	[Potions,Potions (class),]	[]
Giant635	Giant	Creature	A giant is a very large humanoid which can potentially grow to approximately twenty five feet tall and appear to be a large human.	humanoid	UNKNOWN	http://harrypotter.wikia.com/Giant	[giant,]	[]
Alphard3132	Alphard Black	Individual	Alphard Black (between 1925 and 1938 — 1976/1977) was a pure-blood wizard from the noble Black family and was a Slytherin student at Hogwarts School of Witchcraft and Wizardry.	wizard	MALE	http://harrypotter.wikia.com/Alphard Black	[Alphard Black,]	[]
Madam565	Madam Malkin's Robes for All Occasions	Location	Madam Malkin's Robes for All Occasions, also known as Madam Malkin's Robes or simply Madam Malkin's, was a shop in North Side, Diagon Alley.	shop	UNKNOWN	http://harrypotter.wikia.com/Madam Malkin's Robes for All Occasions	[Madam Malkin's Robes for all Occasions,]	[]
Rodolphus657	Rodolphus Lestrange	Individual	Rodolphus Lestrange was a pure-blood wizard, brother of Rabastan, possibly the son of Lestrange and a Slytherin student at Hogwarts School of Witchcraft and Wizardry.	wizard	MALE	http://harrypotter.wikia.com/Rodolphus Lestrange	[Rodolphus Lestrange,]	[]
Frank453	Frank Longbottom	Individual	Frank Longbottom was a pure-blood wizard, an Auror for the Ministry of Magic during Lord Voldemort's first rise to power.	wizard	MALE	http://harrypotter.wikia.com/Frank Longbottom	[Frank Longbottom,]	[]
Lee629	Lee Jordan	Individual	Lee Jordan (b. 1977/1978) was a wizard, son of Mr and Mrs Jordan, and a Gryffindor student at Hogwarts School of Witchcraft and Wizardry from 1989 to 1996 (a couple of years before Harry).	wizard	MALE	http://harrypotter.wikia.com/Lee Jordan	[Lee Jordan,]	[<Lee629,father,Jordan14813>,]
Wood17726	Mrs Wood	Individual	Mrs Wood was the mother of Oliver Wood.	mother	FEMALE	http://harrypotter.wikia.com/Mrs Wood	[Oliver Wood's mother,Mrs Wood,]	[]
Jim167818	Jim Hamilton	Individual	James Leigh Hamilton (b. 17 November, 1982) is a professional rugby union player who plays as a lock for the Scottish rugby team since 2006.	player	MALE	http://harrypotter.wikia.com/Jim Hamilton	[Jim Hamilton,]	[]
Wood17727	Mr Wood	Individual	Mr Wood was the father of Oliver Wood.	father	MALE	http://harrypotter.wikia.com/Mr Wood	[Oliver Wood's father,Mr Wood,]	[]
Goyle9797	Mrs Goyle	Individual	Mrs Goyle was the wife of Mr Goyle and the mother of Gregory Goyle, a student at Hogwarts School of Witchcraft and Wizardry.	wife	FEMALE	http://harrypotter.wikia.com/Mrs Goyle	[Mrs Goyle,Gregory Goyle's mother,]	[]
Forbidden571	Forbidden Forest	Location	The Forbidden Forest, also known as Dark Forest borders the edges of the Hogwarts School of Witchcraft and Wizardry grounds.		UNKNOWN	http://harrypotter.wikia.com/Forbidden Forest	[Forbidden Forest,]	[]
Mine13864	Mine Cart	Object	A Mine Cart is used to transport customers between the vaults of Gringotts Wizarding Bank.		UNKNOWN	http://harrypotter.wikia.com/Mine Cart	[cart,]	[]
Charm2424	Charm	Spell	A charm is a spell that adds certain properties to an object or creature.	spell	UNKNOWN	http://harrypotter.wikia.com/Charm	[Enchantments,]	[]
Narcissa464	Narcissa Malfoy	Individual	Narcissa Malfoy (née Black), (b. 1955) was a pure-pure-blood witch, the youngest daughter of Cygnus Black III and Druella Rosier, younger sister of Bellatrix Lestrange and Andromeda Tonks, wife of Lucius Malfoy, mother of Draco Malfoy and the grandmother of Scorpius Malfoy.	witch	FEMALE	http://harrypotter.wikia.com/Narcissa Malfoy	[Narcissa Malfoy,]	[]
Jordan14813	Mr Jordan	Individual	Mr Jordan was the father of Lee Jordan.	father	MALE	http://harrypotter.wikia.com/Mr Jordan	[Mr Jordan,Lee Jordan's father,]	[]
Firenze443	Firenze	Individual	Professor Firenze was a centaur, part of the Forbidden Forest Centaur colony, and a Divination teacher at Hogwarts School of Witchcraft and Wizardry from 1996-1998.	centaur	MALE	http://harrypotter.wikia.com/Firenze	[Firenze,]	[]
Percy30	Percy Ignatius Weasley	Individual	Percy Ignatius Weasley (b. 22 August, 1976) was a pure-blood wizard, the third child of Arthur and Molly Weasley (née Prewett).	wizard	MALE	http://harrypotter.wikia.com/Percy Ignatius Weasley	[Percy Weasley,]	[]
Dudley438	Dudley Dursley	Individual	Dudley Dursley (b. 23 June, 1980) was the Muggle son of Vernon and Petunia Dursley and cousin of Harry Potter.	son	MALE	http://harrypotter.wikia.com/Dudley Dursley	[Dudley,Dudley Dursley,]	[<Dudley438,father,Vernon384>,<Dudley438,mother,Petunia437>,<Dudley438,wife,Dudley15557>,<Dudley438,paternal aunt,Marjorie510>,<Dudley438,maternal grandfather,Evans7012>,<Dudley438,maternal grandmother,Evans12552>,<Dudley438,maternal aunt,Lily409>,<Dudley438,maternal uncle by marriage,James77>,<Dudley438,maternal first cousin,Harry13>,<Dudley438,cousin-in-law,Ginevra25>,]
Polkiss16374	Mrs Polkiss	Individual	Mrs Polkiss was the mother of Piers Polkiss.	mother	FEMALE	http://harrypotter.wikia.com/Mrs Polkiss	[mother,Piers Polkiss's mother,Mrs Polkiss,]	[<Polkiss16374,son,Piers2549>,]
Quirinus31330	Quirinus Quirrell's turban	Object	This purple turban was used by Professor Quirinus Quirrell to hide the face of Lord Voldemort after the Dark Lord possessed him.		UNKNOWN	http://harrypotter.wikia.com/Quirinus Quirrell's turban	[turban,]	[]
Filius55	Filius Flitwick	Individual	Professor Filius Flitwick (b. 17 October1958 or earlier) was a part-goblin, part-wizard who attended Hogwarts School of Witchcraft and Wizardry and was sorted into Ravenclaw House, being an intelligent young man and a model student.	part-goblin	MALE	http://harrypotter.wikia.com/Filius Flitwick	[Flitwick,]	[]
Unicorn1039	Unicorn	Creature	The Unicorn is a white, equine creature with a single horn on its forehead.	creature	UNKNOWN	http://harrypotter.wikia.com/Unicorn	[unicorn,]	[]
Geraint119170	Geraint Ollivander	Individual	Geraint Ollivander was a great wandmaker who lived in the Middle Ages.	wandmaker	MALE	http://harrypotter.wikia.com/Geraint Ollivander	[Geraint Ollivander,]	[]
Gormlaith191439	Gormlaith Gaunt	Individual	Gormlaith Gaunt (c. 1576 – 1643) was an Irish pure-blood witch.	witch	FEMALE	http://harrypotter.wikia.com/Gormlaith Gaunt	[Gormlaith Gaunt,]	[]
Kings6345	King's Cross Station	Location	King's Cross Station is considered one of the main train stations to serve London, England.		UNKNOWN	http://harrypotter.wikia.com/King's Cross Station	[King's Cross station,]	[]
Harfang6738	Harfang Longbottom	Individual	Harfang Longbottom (fl.		MALE	http://harrypotter.wikia.com/Harfang Longbottom	[Harfang Longbottom,]	[]
Headmaster2993	Headmaster	Official post	A Headmaster or Headmistress is the chief administrator of a School of Magic.	administrator	UNKNOWN	http://harrypotter.wikia.com/Headmaster	[Headmaster,]	[]
Ministry379	Ministry of Magic	Organisation	The Ministry of Magic (M.o.M.) is the main governing body of the magical community of Great Britain (i.e. England, Scotland and Wales) and Ireland with the intention of preservation of magical law.	body	UNKNOWN	http://harrypotter.wikia.com/Ministry of Magic	[Ministry of Magic,British Ministry of Magic,]	[]
Minerva18884	Minerva	Individual	Minerva was a powerful witch.	witch	FEMALE	http://harrypotter.wikia.com/Minerva	[Minerva,]	[]
Charles145541	Charles Weasley	Individual	Charles"Charlie" Weasley (b. 12 December, 1972) was the second eldest son of Arthur and Molly Weasley (née Prewett), younger brother of Bill Weasley and the elder brother of Percy, George, Ron, Ginny Weasley, and the late Fred Weasley.	son	MALE	http://harrypotter.wikia.com/Charles Weasley	[Charlie,Charlie Weasley,]	[<Charles145541,paternal grandfather,Septimus3236>,<Charles145541,paternal grandmother,Cedrella6739>,<Charles145541,maternal grandfather,Prewett9544>,<Charles145541,maternal grandmother,Prewett9543>,<Charles145541,uncle,Bilius4538>,<Charles145541,maternal uncle,Gideon909>,<Charles145541,maternal uncle,Fabian910>,<Charles145541,father,Arthur26>,<Charles145541,mother,Molly27>,<Charles145541,brother,William28>,<Charles145541,brother,Percy30>,<Charles145541,brother,Fred215>,<Charles145541,brother,George216>,<Charles145541,brother,Ronald14>,<Charles145541,sister,Ginevra25>,<Charles145541,sister-in-law,Fleur492>,<Charles145541,brother-in-law,Harry13>,<Charles145541,sister-in-law,Hermione15>,<Charles145541,sister-in-law,Audrey7961>,<Charles145541,sister-in-law,Angelina327>,<Charles145541,niece,Victoire5063>,<Charles145541,niece,Dominique7959>,<Charles145541,nephew,Louis7960>,<Charles145541,niece,Molly7963>,<Charles145541,niece,Lucy7962>,<Charles145541,nephew,James5039>,<Charles145541,nephew,Albus5091>,<Charles145541,niece,Rose5040>,<Charles145541,nephew,Hugo5041>,<Charles145541,nephew,Fred5309>,<Charles145541,niece,Roxanne7964>,]
Corvinus151156	Corvinus Gaunt	Individual	Corvinus Gaunt (fl.		MALE	http://harrypotter.wikia.com/Corvinus Gaunt	[Corvinus Gaunt,]	[]
Martha191468	Martha Steward	Individual	Martha Steward was a Muggle.	muggle	FEMALE	http://harrypotter.wikia.com/Martha Steward	[Martha Steward,]	[]
M.7567	M. G. McGonagall	Individual	M. G. McGonagall was a Gryffindor student at Hogwarts School of Witchcraft and Wizardry in the early 1970s.	student	UNKNOWN	http://harrypotter.wikia.com/M. G. McGonagall	[M. G. McGonagall,]	[]
Hermione15	Hermione Jean Granger	Individual	Minister Hermione Jean Granger (b. 19 September, 1979) was a Muggle-bornwitch born to Mr and Mrs Granger, both dentists.	muggle-bornwitch	FEMALE	http://harrypotter.wikia.com/Hermione Jean Granger	[Hermione Granger,]	[<Hermione15,possible ancestor,Hector8194>,<Hermione15,father,Granger6403>,<Hermione15,mother,Granger6402>,<Hermione15,husband,Ronald14>,<Hermione15,daughter,Rose5040>,<Hermione15,son,Hugo5041>,<Hermione15,father-in-law,Arthur26>,<Hermione15,mother-in-law,Molly27>,<Hermione15,brother-in-law,Harry13>,<Hermione15,sister-in-law,Ginevra25>,<Hermione15,,James5039>,<Hermione15,nephew,Albus5091>,<Hermione15,niece,Lily403>,<Hermione15,brother-in-law,Fred215>,<Hermione15,brother-in-law,George216>,<Hermione15,sister-in-law,Angelina327>,<Hermione15,nephew,Fred5309>,<Hermione15,niece,Roxanne7964>,<Hermione15,brother-in-law,Percy30>,<Hermione15,sister-in-law,Audrey7961>,<Hermione15,niece,Molly7963>,<Hermione15,niece,Lucy7962>,<Hermione15,brother-in-law,Charles145541>,<Hermione15,brother-in-law,William28>,<Hermione15,sister-in-law,Fleur492>,<Hermione15,niece,Victoire5063>,<Hermione15,niece,Dominique7959>,<Hermione15,nephew,Louis7960>,]
Honoria16122	Honoria	Individual	Honoria was the spinster aunt of Albus Dumbledore.	aunt	FEMALE	http://harrypotter.wikia.com/Honoria	[Honoria,]	[]
Surrey9670	Surrey	Location	Surrey is a county in the South East of England, and one of the home counties.	county	UNKNOWN	http://harrypotter.wikia.com/Surrey	[Surrey,]	[]
Dursley397	Dursley family	Family	The Dursley family is a Muggle family, and the only known living close relatives of Harry Potter.	family	UNKNOWN	http://harrypotter.wikia.com/Dursley family	[the Dursleys,Dursley family,Dursleys,]	[]
Andromeda586	Andromeda Tonks	Individual	Andromeda Tonks (née Black) (b. 1951-1955), also known as Dromeda, was a pure-blood witch and the middle daughter of Cygnus and Druella Black (née Rosier), as well as the sister of Bellatrix and Narcissa.	witch	FEMALE	http://harrypotter.wikia.com/Andromeda Tonks	[Andromeda Tonks,]	[]
Granger6402	Mrs Granger	Individual	Mrs Granger (temporarily known as Monica Wilkins) was a Muggle, the wife of Mr Granger, and mother of Hermione Jean Granger.	muggle	FEMALE	http://harrypotter.wikia.com/Mrs Granger	[Mrs Granger,Hermione Granger's mother,]	[]
Granger6403	Mr Granger	Individual	Mr Granger (temporarily known as Wendell Wilkins) was a Muggle, the husband of Mrs Granger, and father of Hermione Jean Granger.	muggle	MALE	http://harrypotter.wikia.com/Mr Granger	[Mr Granger,Hermione Granger's father,]	[]
Abraxas812	Abraxas Malfoy	Individual	Abraxas Malfoy (fl.		MALE	http://harrypotter.wikia.com/Abraxas Malfoy	[Abraxas Malfoy,]	[]
Bertie923	Bertie Bott's Every Flavour Beans	Food and Beverage	Bertie Bott's Every Flavour Beans are one of the most popular sweets in the wizarding world.	one	UNKNOWN	http://harrypotter.wikia.com/Bertie Bott's Every Flavour Beans	[Bertie Bott's Every Flavour Beans,]	[]
Arthur26	Arthur Weasley	Individual	Arthur Weasley (b. 6 February, 1950) was a pure-pure-blood wizard in the employ of the Ministry of Magic, as well as a member of the second Order of the Phoenix.	wizard	MALE	http://harrypotter.wikia.com/Arthur Weasley	[Arthur Weasley,]	[]
Wand1061	Wand	Object	A wand is a quasi-sentient magical instrument through which a witch or wizard channels her or his magical powers to centralise the effects for more complex results.	instrument	UNKNOWN	http://harrypotter.wikia.com/Wand	[Wand,]	[]
Hogwarts643	Hogwarts Express	Object	The Hogwarts Express is the name of the train that makes a run between London, King's Cross Station Platform 9¾ and Hogsmeade Station.	name	UNKNOWN	http://harrypotter.wikia.com/Hogwarts Express	[Hogwarts Express,Journey,the train to Hogwarts,]	[]
Cloak11928	Cloak of Invisibility	Hallow	The Cloak of Invisibility is a magical artefact used to render the wearer invisible, and one of the fabled Deathly Hallows.	artefact	UNKNOWN	http://harrypotter.wikia.com/Cloak of Invisibility	[Invisibility cloak,]	[]
Rubeus96666	Rubeus Hagrid's letter to Albus Dumbledore	Letter	Rubeus Hagrid sent a note to Albus Dumbledore on 31 July, 1991, letting him know that he had successfully reached Harry Potter at the Hut-on-the-Rock in the Sea.		UNKNOWN	http://harrypotter.wikia.com/Rubeus Hagrid's letter to Albus Dumbledore	[a letter,]	[]
Louis7960	Louis Weasley	Individual	Louis Weasley was a part-veela wizard and the youngest child of Bill and Fleur Weasley (née Delacour).	wizard	MALE	http://harrypotter.wikia.com/Louis Weasley	[Louis Weasley,]	[]
Gringotts896	Gringotts Wizarding Bank	Location	Gringotts Wizarding Bank is the only bank of the wizarding world, and is owned and operated by goblins.	bank	UNKNOWN	http://harrypotter.wikia.com/Gringotts Wizarding Bank	[Gringotts,]	[]
James77	James Potter	Individual	James Potter (27 March, 1960 – 31 October, 1981), also known as Prongs, was a pure-pure-blood wizard and the only son of Fleamont and Euphemia Potter.	wizard	MALE	http://harrypotter.wikia.com/James Potter	[James Potter I,James Potter,James,father,his father,]	[<James77,paternal ancestor,Ignotus5139>,<James77,paternal ancestor,Linfred183106>,<James77,paternal ancestor,Hardwin183107>,<James77,paternal ancestor,Iolanthe183108>,<James77,paternal  ancestor,Potter183113>,<James77,grandfather,Henry183103>,<James77,father,Fleamont10266>,<James77,mother,Euphemia10269>,<James77,wife,Lily409>,<James77,son,Harry13>,<James77,daughter-in-law,Ginevra25>,<James77,grandson,James5039>,<James77,grandson,Albus5091>,<James77,granddaughter,Lily403>,<James77,,Dorea3839>,<James77,father-in-law,Evans7012>,<James77,mother-in-law,Evans12552>,<James77,sister-in-law,Petunia437>,<James77,brother-in-law,Vernon384>,<James77,nephew,Dudley438>,<James77,distant cousin,Tom343>,<James77,parental ancestors,Fleamont183112>,<James77,in-laws,Evans11522>,]
Boa30797	Boa constrictor at the zoo	Pet individual	This boa constrictor was a large brown snake that lived at the Zoo.	snake	MALE	http://harrypotter.wikia.com/Boa constrictor at the zoo	[Boa constrictor at the Zoo,Boa constrictor,boa constrictor,]	[]
London610	London	Location	London is the capital of England and the United Kingdom.	capital	UNKNOWN	http://harrypotter.wikia.com/London	[London,]	[]
Nicolas677	Nicolas Flamel	Individual	Nicolas Flamel (before 1327 – between 1992 and 1996) was a well-known alchemist and only known maker of the Philosopher's Stone, a legendary substance with incredible powers.	alchemist	MALE	http://harrypotter.wikia.com/Nicolas Flamel	[Nicolas Flamel,]	[<Nicolas677,wife,Perenelle4387>,]
Vincent547	Vincent Crabbe	Individual	Vincent Crabbe (1979/1980 – 2 May 1998) was a pure-bloodDark Wizard, and the son of Death Eater Crabbe Snr.	pure-blooddark	MALE	http://harrypotter.wikia.com/Vincent Crabbe	[Crabbe,Vincent Crabbe,]	[<Vincent547,father,Crabbe3382>,]
Cornelius576	Cornelius Oswald Fudge	Individual	Minister Cornelius Oswald Fudge, O.M. (First Class), was the Minister for Magic from 1990-1996.	minister	MALE	http://harrypotter.wikia.com/Cornelius Oswald Fudge	[Cornelius Fudge,]	[<Cornelius576,wife,Fudge8976>,<Cornelius576,nephew,Rufus8985>,]
Druella4593	Druella Black	Individual	Druella Black (née Rosier) (fl.		FEMALE	http://harrypotter.wikia.com/Druella Black	[Druella Black,Druella Rosier,]	[]
Gryffindor8	Gryffindor	House	Gryffindor is one of the four Houses of Hogwarts School of Witchcraft and Wizardry, founded by Godric Gryffindor.	one	UNKNOWN	http://harrypotter.wikia.com/Gryffindor	[Gryffindor,]	[]
William28	William Arthur Weasley	Individual	William Arthur"Bill" Weasley (b. 29 November, 1970) was the first child of Arthur and Molly Weasley (née Prewett) and the eldest brother of Charlie, Percy, Fred, George, Ron, and Ginny.	child	MALE	http://harrypotter.wikia.com/William Arthur Weasley	[Bill Weasley,William Weasley,]	[]
Chocolate2368	Chocolate Frogs	Food and Beverage	Chocolate Frogs are a popular confection that are sold throughout the wizarding world.	confection	UNKNOWN	http://harrypotter.wikia.com/Chocolate Frogs	[Chocolate Frog,]	[]
Ronald14	Ronald Bilius Weasley	Individual	Ronald Bilius "Ron" Weasley (b. 1 March, 1980) was a pure-pure-blood wizard, the sixth and youngest son of Arthur and Molly Weasley (née Prewett).	wizard	MALE	http://harrypotter.wikia.com/Ronald Bilius Weasley	[Ron,Ronald Weasley,]	[<Ronald14,paternal grandfather,Septimus3236>,<Ronald14,paternal grandmother,Cedrella6739>,<Ronald14,maternal grandfather,Prewett9544>,<Ronald14,maternal grandmother,Prewett9543>,<Ronald14,father,Arthur26>,<Ronald14,mother,Molly27>,<Ronald14,brother,William28>,<Ronald14,brother,Charles145541>,<Ronald14,brother,Percy30>,<Ronald14,brother,Fred215>,<Ronald14,brother,George216>,<Ronald14,sister,Ginevra25>,<Ronald14,wife,Hermione15>,<Ronald14,daughter,Rose5040>,<Ronald14,son,Hugo5041>,<Ronald14,great-aunt,Tessie7222>,<Ronald14,maternal uncle,Gideon909>,<Ronald14,maternal uncle,Fabian910>,<Ronald14,uncle,Bilius4538>,<Ronald14,brother-in-law,Harry13>,<Ronald14,nephew,James5039>,<Ronald14,nephew,Albus5091>,<Ronald14,niece,Lily403>,<Ronald14,sister-in-law,Fleur492>,<Ronald14,niece,Victoire5063>,<Ronald14,niece,Dominique7959>,<Ronald14,nephew,Louis7960>,<Ronald14,sister-in-law,Audrey7961>,<Ronald14,niece,Molly7963>,<Ronald14,niece,Lucy7962>,<Ronald14,sister-in-law,Angelina327>,<Ronald14,nephew,Fred5309>,<Ronald14,niece,Roxanne7964>,<Ronald14,father-in-law,Granger6403>,<Ronald14,mother-in-law,Granger6402>,]
Edward578	Edward Tonks	Individual	Edward "Ted" Tonks (d. March, 1998) was a Muggle-born wizard, the husband of Andromeda Tonks (née Black), the father of Nymphadora Tonks, and grandfather of Edward Remus Lupin.	wizard	MALE	http://harrypotter.wikia.com/Edward Tonks	[Ted Tonks,]	[]
Bellatrix506	Bellatrix Lestrange	Individual	Bellatrix Lestrange (née Black) (1951 – 2 May, 1998) was a pure-blood witch, the eldest daughter of Cygnus Black III and Druella Black (née Rosier) and elder sister of Andromeda Tonks and Narcissa Malfoy.	witch	FEMALE	http://harrypotter.wikia.com/Bellatrix Lestrange	[Bellatrix Lestrange,]	[]
Fat646	The Fat Lady	Individual	The Fat Lady was a portrait, who guarded the entrance to Gryffindor Tower at Hogwarts Castle.	portrait	FEMALE	http://harrypotter.wikia.com/The Fat Lady	[Fat Lady,]	[]
Neville19	Neville Longbottom	Individual	Professor Neville Longbottom (b. 30 July, 1980) was a pure-pure-blood wizard, and one of the most famous wizards of modern times.	wizard	MALE	http://harrypotter.wikia.com/Neville Longbottom	[Neville Longbottom,]	[<Neville19,father,Frank453>,<Neville19,mother,Alice452>,<Neville19,wife,Hannah863>,<Neville19,paternal grandfather,Longbottom7569>,<Neville19,paternal grandmother,Augusta555>,<Neville19,great-uncle,Algie2528>,<Neville19,great-aunt,Enid8020>,<Neville19,possible relative,Harfang6738>,<Neville19,possible relative,Callidora6737>,]
Tom14733	Tom Riddle's wand	Wand	Tom Riddle's wand was 13½" long and belonged to Tom Riddle, the wizard who later became known as Lord Voldemort.	1/2	UNKNOWN	http://harrypotter.wikia.com/Tom Riddle's wand	[wand,]	[]
Hedwig446	Hedwig	Pet individual	Hedwig (d. 27 July, 1997) was Harry Potter's pet Snowy Owl (Bubo scandiacus).	-rrb-	FEMALE	http://harrypotter.wikia.com/Hedwig	[Hedwig,]	[]
Albus4178	Albus Percival Wulfric Brian Dumbledore	Individual	Professor Albus Percival Wulfric Brian Dumbledore, , , , ,  (c. Summer1881 – 30 June, 1997) was the Transfiguration Professor, and later Headmaster of Hogwarts School of Witchcraft and Wizardry.	professor	MALE	http://harrypotter.wikia.com/Albus Percival Wulfric Brian Dumbledore	[Albus Dumbledore,Dumbledore,]	[<Albus4178,father,Percival5061>,<Albus4178,mother,Kendra5108>,<Albus4178,brother,Aberforth396>,<Albus4178,sister,Ariana5060>,<Albus4178,aunt,Honoria16122>,]
Gerbold119174	Gerbold Octavius Ollivander	Individual	Gerbold Octavius Ollivander (fl.		MALE	http://harrypotter.wikia.com/Gerbold Octavius Ollivander	[Gerbold Ollivander,]	[]
Godrics499	Godric's Hollow	Location	Godric's Hollow is a village in the West Country of England.	village	UNKNOWN	http://harrypotter.wikia.com/Godric's Hollow	[Godric's Hollow,]	[]
Devils2544	Devil's Snare	Plant	Devil's Snare is a plant with the magical ability to constrict or strangle anything in its surrounding environment or something that happens to touch it.	plant	UNKNOWN	http://harrypotter.wikia.com/Devil's Snare	[Devil's Snare,]	[]
Alice452	Alice Longbottom	Individual	Alice Longbottom was a pure-blood witch, an Auror who worked for the Ministry of Magic during Lord Voldemort's first rise to power.	witch	FEMALE	http://harrypotter.wikia.com/Alice Longbottom	[Alice Longbottom,]	[]
Rom8325	Rom	Location	Romania (Romanian: România) is a country located in southeastern Europe.	country	UNKNOWN	http://harrypotter.wikia.com/Rom	[Romania,]	[]
Callidora6737	Callidora Longbottom	Individual	Callidora Longbottom (née Black) (b. 1915) was a pure-blood witch, the eldest daughter of Arcturus Black II and Lysandra Yaxley and sister of Charis and Cedrella.	witch	FEMALE	http://harrypotter.wikia.com/Callidora Longbottom	[Callidora Longbottom,Callidora Black,]	[]
Rubeus8295	Rubeus Hagrid's father	Individual	Rubeus Hagrid's father (died c. 1941) was a wizard and the first husband of Fridwulfa.	wizard	MALE	http://harrypotter.wikia.com/Rubeus Hagrid's father	[Mr Hagrid,]	[]
Deluminator3428	Deluminator	Object	The Deluminator, also known as the Put-Outer, is a device used by Albus Dumbledore (the first known owner and designer of the one Deluminator known to exist) to remove light sources from the Deluminator's immediate surroundings, as well as bestow them.	device	UNKNOWN	http://harrypotter.wikia.com/Deluminator	[Deluminator,]	[]
Hospital7701	Hospital Wing	Location	The Hospital Wing is a part of Hogwarts School of Witchcraft and Wizardry.	part	UNKNOWN	http://harrypotter.wikia.com/Hospital Wing	[hospital,]	[]
Merope283	Merope Riddle	Individual	Merope Riddle (née Gaunt) (c. 1907 – 31 December, 1926) was a pure-pure-blood witch, daughter of Marvolo Gaunt, and sister of Morfin.	witch	FEMALE	http://harrypotter.wikia.com/Merope Riddle	[Merope Gaunt,]	[]
Prefect572	Prefect	Organisation	A prefect at Hogwarts School of Witchcraft and Wizardry is a student who has been given extra authority and responsibilities by the Head of House and Headmaster.	student	UNKNOWN	http://harrypotter.wikia.com/Prefect	[prefect,]	[]
William123014	William Topaz McGonagall	Individual	William Topaz McGonagall (c. 1825—29 September, 1902) was a Scottish Muggle celebrated as the worst poet in British history.	muggle	MALE	http://harrypotter.wikia.com/William Topaz McGonagall	[William McGonagall,]	[]
Slytherin9	Slytherin	House	Slytherin is one of the four Houses at Hogwarts School of Witchcraft and Wizardry, founded by Salazar Slytherin.	one	UNKNOWN	http://harrypotter.wikia.com/Slytherin	[Slytherin,]	[]
Melania6726	Melania Black	Individual	Melania Black (née Macmillan) (fl.		FEMALE	http://harrypotter.wikia.com/Melania Black	[Melania Black,Melania Macmillan,]	[]
Dominique7959	Dominique Weasley	Individual	Dominique Weasley (b. 2000s) was a part-veela witch and the second daughter of Bill and Fleur Weasley (née Delacour).	witch	FEMALE	http://harrypotter.wikia.com/Dominique Weasley	[Dominique Weasley,]	[]
Dudley15557	Dudley Dursley's wife	Individual	Mrs Dursley was the wife of Dudley Dursley: the couple had twochildren.	wife	FEMALE	http://harrypotter.wikia.com/Dudley Dursley's wife	[Mrs Dursley,]	[]
Marvolo502	Marvolo Gaunt	Individual	Marvolo Gaunt (c. 1879 – between 1925 & 1929) was a pure-blood wizard of the House of Gaunt and descendant of Salazar Slytherin.	wizard	MALE	http://harrypotter.wikia.com/Marvolo Gaunt	[Marvolo Gaunt,]	[]
History672	History of Magic	Class	History of Magic is a core class and subject taught at Hogwarts School of Witchcraft and Wizardry.	class	UNKNOWN	http://harrypotter.wikia.com/History of Magic	[History of Magic,]	[]
Dragon418	Dragon	Creature	Dragons are giant winged, fire-breathing reptilian Creatures.	creature	UNKNOWN	http://harrypotter.wikia.com/Dragon	[Dragon,]	[]
Goblin1037	Goblin	Creature	Goblins are a highly intelligent race of small humanoids with long fingers and feet that coexist with the wizard world.	race	UNKNOWN	http://harrypotter.wikia.com/Goblin	[Goblin,]	[]
Transfiguration667	Transfiguration	Class	Transfiguration is a core class and subject taught at Hogwarts School of Witchcraft and Wizardry.	class	UNKNOWN	http://harrypotter.wikia.com/Transfiguration	[Transfiguration (class),Transfiguration,]	[]
Orion3534	Orion Black	Individual	Orion Black (1929 – 1979) was a pure-blood wizard and the eldest son of Arcturus Black III and Melania Macmillan.	wizard	MALE	http://harrypotter.wikia.com/Orion Black	[Orion Black,]	[]
Weasley24615	Weasley jumper	Object	A Weasley jumper is a home-made jumper made by Molly Weasley for family and friends and sent as Christmas gifts.	jumper	UNKNOWN	http://harrypotter.wikia.com/Weasley jumper	[knitted jumper,]	[]
Astoria7852	Astoria Malfoy	Individual	Astoria Malfoy (née Greengrass) (c. 1982 – 2019) was a pure-blood witch.	witch	FEMALE	http://harrypotter.wikia.com/Astoria Malfoy	[Astoria Malfoy,]	[]
James5039	James Sirius Potter	Individual	James SiriusPotter (b. c. 2004) was a half-pure-blood wizard, the eldest child of Harry and Ginevra Potter (née Weasley).	wizard	MALE	http://harrypotter.wikia.com/James Sirius Potter	[James Potter II,]	[]
Golden389	Golden Snitch	Object	The Golden Snitch, often called simply the Snitch, is the third and smallest ball used in Quidditch.	ball	UNKNOWN	http://harrypotter.wikia.com/Golden Snitch	[Golden Snitch,]	[]
Ronan4295	Ronan	Individual	Ronan was a centaur who lived in the Forbidden Forest, and was distrustful of humans, although he tried to protect Harry Potter and Hermione Granger from the other centaurs in 1996, pointing out that they were "foals".	centaur	MALE	http://harrypotter.wikia.com/Ronan	[Ronan,]	[]
Troll616	Troll	Creature	A Troll is a magical creature of prodigious strength and immense stupidity.	creature	UNKNOWN	http://harrypotter.wikia.com/Troll	[troll,]	[]
Rose5040	Rose Granger-Weasley	Individual	Rose "Rosie" Granger-Weasley (b. 2005/2006) was a half-blood witch and the daughter of Ronald Weasley and Hermione Granger.	witch	FEMALE	http://harrypotter.wikia.com/Rose Granger-Weasley	[Rose Granger-Weasley,]	[]
Tom823	Tom Riddle	Individual	Tom Riddle Senior (1905 – 1943) was an affluent Muggle who lived in the village of Little Hangleton.	muggle	MALE	http://harrypotter.wikia.com/Tom Riddle	[Tom Riddle Snr,Tom Riddle Senior,]	[]
Dragon54544	Dragon hide	Object	Dragon hide is used to make clothing.		UNKNOWN	http://harrypotter.wikia.com/Dragon hide	[Dragon hide,]	[]
Hogwarts10713	Hogwarts acceptance letter	Letter	The Hogwarts letter is a letter of acceptance to Hogwarts School of Witchcraft and Wizardry sent to British wizards and witches prior to their first year at Hogwarts.	letter	UNKNOWN	http://harrypotter.wikia.com/Hogwarts acceptance letter	[letter,]	[]
Sorting606	Sorting Hat	Object	The Sorting Hat is a sentient hat at Hogwarts that magically determines which of the four school Houses each new student belongs most to.	hat	UNKNOWN	http://harrypotter.wikia.com/Sorting Hat	[Sorting Hat,]	[]
Rolanda683	Rolanda Hooch	Individual	Madam Rolanda Hooch (b. before 1918) was a witch who worked as the Flying instructor, Quidditch referee and coach at Hogwarts School of Witchcraft and Wizardry during, at least, the 1990s.	witch	FEMALE	http://harrypotter.wikia.com/Rolanda Hooch	[Madam Hooch,]	[]
Norris339	Mrs Norris	Pet individual	Mrs Norris is the pet cat of Argus Filch, the caretaker of Hogwarts School of Witchcraft and Wizardry.	cat	FEMALE	http://harrypotter.wikia.com/Mrs Norris	[Mrs Norris,]	[<Norris339,owner,Argus45>,]
Norberta710	Norberta	Pet individual	Norberta, originally Norbert, (b. Spring 1992) was a Norwegian Ridgeback Dragon hatched by Rubeus Hagrid in his hut at Hogwarts School of Witchcraft and Wizardry.	dragon	FEMALE	http://harrypotter.wikia.com/Norberta	[Norbert,]	[]
Sirius62069	Sirius Black's motorbike	Object	Sirius Black's motorbike was a motorcycle owned by Sirius Black.	motorcycle	UNKNOWN	http://harrypotter.wikia.com/Sirius Black's motorbike	[a motorbike,]	[]
Phineas3816	Phineas Nigellus Black	Individual	Professor Phineas Nigellus Black (1847 – 1925) was a pure-blood wizard, possibly the son of Cygnus and Ella Black, and brother of Sirius, Elladora and Iola Black.	wizard	MALE	http://harrypotter.wikia.com/Phineas Nigellus Black	[Phineas Nigellus Black,]	[]
Malcolm119020	Malcolm McGonagall	Individual	Malcolm McGonagall was the second child and first son of Muggle Robert McGonagall and witch Isobel Ross.	child	MALE	http://harrypotter.wikia.com/Malcolm McGonagall	[Malcolm McGonagall,]	[]
Perenelle4387	Perenelle Flamel	Individual	Perenelle Flamel (before 1334 - between 1992 and 1996) Perenelle and her husband drank the Elixir of Life produced by the stone, and were immortal, until the stone was destroyed in 1992, after which she and Nicolas would later die.	immortal	FEMALE	http://harrypotter.wikia.com/Perenelle Flamel	[Perenelle Flamel,]	[]
Finnigan7638	Mrs Finnigan	Individual	Mrs Finnigan (fl.		FEMALE	http://harrypotter.wikia.com/Mrs Finnigan	[Mrs Finnigan,Seamus Finnigan's mother,]	[]
Diagon374	Diagon Alley	Location	Diagon Alley is a cobblestoned wizarding alley and shopping area located in London, England behind a pub called the Leaky Cauldron.	area	UNKNOWN	http://harrypotter.wikia.com/Diagon Alley	[Diagon Alley,]	[]
Finnigan8967	Mr Finnigan	Individual	Mr Finnigan was an Irish Muggle and the father of Seamus Finnigan.	muggle	MALE	http://harrypotter.wikia.com/Mr Finnigan	[Seamus Finnigan's father,Mr Finnigan,]	[]
Josephina174075	Josephina Flint	Individual	Minister Josephina Flint was Minister for Magic from 1819 to 1827.	minister	FEMALE	http://harrypotter.wikia.com/Josephina Flint	[Josephina Flint,]	[]
Roxanne7964	Roxanne Weasley	individual	Roxanne Weasley (b. 2000s) is the daughter of George Weasley and Angelina Weasley (née Johnson).	daughter	FEMALE	http://harrypotter.wikia.com/Roxanne Weasley	[Roxanne Weasley,]	[]
Lucretia6741	Lucretia Prewett	Individual	Lucretia Prewett (née Black) (1925 – 1992) was a pure-blood witch from the pureblooded Black family who was married into the Prewett family.	witch	FEMALE	http://harrypotter.wikia.com/Lucretia Prewett	[Lucretia Black,Lucretia Prewett,]	[]
Leaky903	The Leaky Cauldron	Location	The Leaky Cauldron was a popular wizarding pub and inn located in London.	pub	UNKNOWN	http://harrypotter.wikia.com/The Leaky Cauldron	[Leaky Cauldron,]	[]
Audrey7961	Audrey Weasley	Individual	Audrey Weasley (maiden name unknown) was the wife of Percy Weasley.	wife	FEMALE	http://harrypotter.wikia.com/Audrey Weasley	[Audrey Weasley,]	[]
Zoo31310	Zoo	Location	There was a zoo in Surrey, where the Dursleys took Dudley on his eleventh birthday, along with Piers Polkiss and, against their will, Harry.	zoo	UNKNOWN	http://harrypotter.wikia.com/Zoo	[Zoo,]	[]
Grunnings4403	Grunnings	Organisation	Grunnings was a drill-making company in Surrey, England.	company	UNKNOWN	http://harrypotter.wikia.com/Grunnings	[Grunnings,]	[]
Salazar341	Salazar Slytherin	Individual	Salazar Slytherin (fl.		MALE	http://harrypotter.wikia.com/Salazar Slytherin	[Salazar Slytherin,]	[]
Augusta555	Augusta Longbottom	Individual	Augusta Longbottom (b. pre 1947) was a pure-blood witch and member of the Longbottom family through marriage.	witch	FEMALE	http://harrypotter.wikia.com/Augusta Longbottom	[Augusta Longbottom,]	[]
Enid8020	Enid Longbottom	Individual	Enid Longbottom (fl.		FEMALE	http://harrypotter.wikia.com/Enid Longbottom	[Enid Longbottom,]	[]
Nymphadora584	Nymphadora Tonks	Individual	Nymphadora Lupin (née Tonks) (c. 1973 – 2 May, 1998) more commonly known as Tonks, occasionally Dora, was a half-blood witch and the only child of Ted and Andromeda Tonks (née Black).	witch	FEMALE	http://harrypotter.wikia.com/Nymphadora Tonks	[Nymphadora Tonks,Nymphadora Lupin,]	[]
44201	4 Privet Drive	Location	4 Privet Drive was the street address of the home owned by Vernon and Petunia Dursley.	address	UNKNOWN	http://harrypotter.wikia.com/4 Privet Drive	[house,4 Privet Drive,]	[]
Fall154808	Fall of Lord Voldemort celebrations	Event	In early November 1981, a number of celebrations were held by wizards to celebrate what they believed to be the fall of the Dark Wizard Lord Voldemort.	fall	UNKNOWN	http://harrypotter.wikia.com/Fall of Lord Voldemort celebrations	[meeting in secret,]	[]
Greengrass12012	Greengrass family	Family	Greengrass is the surname of a pure-blood wizarding family, and one of the Sacred Twenty-Eight.	surname	UNKNOWN	http://harrypotter.wikia.com/Greengrass family	[Greengrass family,]	[]
Muggles236	Muggles	Creature	Muggle (Britain) and No-Maj (United States, pl.		UNKNOWN	http://harrypotter.wikia.com/Muggles	[Muggle,]	[]
Oliver458	Oliver Wood	Individual	Oliver Wood (born c.1975 or 1976) was a Scottish wizard who was the Keeper and Captain for the Gryffindor Quidditch team.	wizard	MALE	http://harrypotter.wikia.com/Oliver Wood	[Oliver Wood,]	[<Oliver458,father,Wood17727>,<Oliver458,mother,Wood17726>,]
Hannah863	Hannah Abbott	Individual	Hannah Abbott (b. 1979/1980) was a half-pure-blood witch and a member of the Abbott family.	witch	FEMALE	http://harrypotter.wikia.com/Hannah Abbott	[Hannah Abbott,]	[]
Bane4299	Bane	Individual	Bane was a centaur living as part of the Forbidden Forest Centaur colony.	living	MALE	http://harrypotter.wikia.com/Bane	[Bane,]	[]
Daily371	Daily Prophet	Periodical	The Daily Prophet is a wizarding newspaper based in London.	newspaper	UNKNOWN	http://harrypotter.wikia.com/Daily Prophet	[newspaper,Daily Prophet,]	[]
Septimus3236	Septimus Weasley	Individual	Septimus Weasley was a pure-blood wizard who married Cedrella Black.	wizard	MALE	http://harrypotter.wikia.com/Septimus Weasley	[Septimus Weasley,]	[]
Tawny138913	Tawny Owl	Creature	Tawny Owl (binomial name Strix aluco) is a stocky, medium-sized owl commonly found in woodlands across much of Eurasia.	owl	UNKNOWN	http://harrypotter.wikia.com/Tawny Owl	[tawny owl,]	[]
Ravenclaw10	Ravenclaw	House	Ravenclaw is one of the four Houses of Hogwarts School of Witchcraft and Wizardry, founded by Rowena Ravenclaw.	one	UNKNOWN	http://harrypotter.wikia.com/Ravenclaw	[Ravenclaw,]	[]
Ginevra25	Ginevra Molly Potter	Individual	GinevraMolly"Ginny" Potter (neé Weasley) (b. 11 August, 1981), occasionally known as Gin, was a pure-pure-blood witch, the youngest of Arthur and Molly Weasley's (née Prewett) seven children, and the first female to be born into the Weasley line for several generations.	witch	FEMALE	http://harrypotter.wikia.com/Ginevra Molly Potter	[Ginevra Weasley,Ginevra Potter,]	[]
Cupboard10822	Cupboard Under the Stairs	Location	The Cupboard Under the Stairs was Harry Potter's room in the Dursley household until he was given Dudley Dursley's old room, at 4 Privet Drive in Little Whinging, Surrey.	room	UNKNOWN	http://harrypotter.wikia.com/Cupboard Under the Stairs	[Cupboard Under the Stairs,cupboard,The Cupboard Under the Stairs,]	[]
Robert119022	Robert McGonagall Jr	Individual	Robert McGonagall Jr was the youngest child and second son of Muggle Robert McGonagall Snr and witch Isobel Ross.	child	MALE	http://harrypotter.wikia.com/Robert McGonagall Jr	[Robert McGonagall Jr,]	[]
Bilius4538	Bilius	Individual	Bilius (surname Weasley or Prewett) was a pure-blood wizard and a brother of either Arthur Weasley or Molly Weasley née Prewett.	wizard	MALE	http://harrypotter.wikia.com/Bilius	[Bilius,]	[]
Ariana5060	Ariana Dumbledore	Individual	Ariana Dumbledore (c. 1885 – summer 1899) was a half-blood witch and the youngest child and only daughter of Percival and Kendra Dumbledore.	witch	FEMALE	http://harrypotter.wikia.com/Ariana Dumbledore	[Ariana Dumbledore,]	[]
African31327	African prince	Individual	Quirinus Quirrell claimed to have received his turban from an African prince in return for ridding him of a zombie.		MALE	http://harrypotter.wikia.com/African prince	[African prince,]	[]
Nimbus3649	Nimbus 2000	Broomsticks	The Nimbus 2000 was produced by the Nimbus Racing Broom Company as part of their successful line of racing brooms.		UNKNOWN	http://harrypotter.wikia.com/Nimbus 2000	[Nimbus 2000,]	[]
Harp37429	Harp	Object	A harp is a stringed musical instrument with the plane of its strings positioned perpendicular to the soundboard.	instrument	UNKNOWN	http://harrypotter.wikia.com/Harp	[harp,]	[]
